Id,Prediction
images/0800.jpg,1
images/0801.jpg,0
images/0802.jpg,0
images/0803.jpg,0
images/0804.jpg,0
images/0805.jpg,0
images/0806.jpg,0
images/0807.jpg,0
images/0808.jpg,0
images/0809.jpg,0
images/0810.jpg,0
images/0811.jpg,0
images/0812.jpg,0
images/0813.jpg,0
images/0814.jpg,0
images/0815.jpg,0
images/0816.jpg,0
images/0817.jpg,0
images/0818.jpg,0
images/0819.jpg,0
images/0820.jpg,0
images/0821.jpg,0
images/0822.jpg,0
images/0823.jpg,0
images/0824.jpg,0
images/0825.jpg,0
images/0826.jpg,0
images/0827.jpg,0
images/0828.jpg,0
images/0829.jpg,0
images/0830.jpg,0
images/0831.jpg,0
images/0832.jpg,0
images/0833.jpg,0
images/0834.jpg,0
images/0835.jpg,0
images/0836.jpg,0
images/0837.jpg,0
images/0838.jpg,0
images/0839.jpg,0
images/0840.jpg,0
images/0841.jpg,0
images/0842.jpg,0
images/0843.jpg,0
images/0844.jpg,0
images/0845.jpg,0
images/0846.jpg,0
images/0847.jpg,0
images/0848.jpg,0
images/0849.jpg,0
images/0850.jpg,0
images/0851.jpg,0
images/0852.jpg,0
images/0853.jpg,0
images/0854.jpg,0
images/0855.jpg,0
images/0856.jpg,0
images/0857.jpg,0
images/0858.jpg,0
images/0859.jpg,0
images/0860.jpg,0
images/0861.jpg,0
images/0862.jpg,0
images/0863.jpg,0
images/0864.jpg,0
images/0865.jpg,0
images/0866.jpg,0
images/0867.jpg,0
images/0868.jpg,0
images/0869.jpg,0
images/0870.jpg,0
images/0871.jpg,0
images/0872.jpg,0
images/0873.jpg,0
images/0874.jpg,0
images/0875.jpg,0
images/0876.jpg,0
images/0877.jpg,0
images/0878.jpg,0
images/0879.jpg,0
images/0880.jpg,0
images/0881.jpg,0
images/0882.jpg,0
images/0883.jpg,0
images/0884.jpg,0
images/0885.jpg,0
images/0886.jpg,0
images/0887.jpg,0
images/0888.jpg,0
images/0889.jpg,0
images/0890.jpg,0
images/0891.jpg,0
images/0892.jpg,0
images/0893.jpg,0
images/0894.jpg,0
images/0895.jpg,0
images/0896.jpg,0
images/0897.jpg,0
images/0898.jpg,0
images/0899.jpg,0
images/0900.jpg,0
images/0901.jpg,0
images/0902.jpg,0
images/0903.jpg,0
images/0904.jpg,0
images/0905.jpg,0
images/0906.jpg,0
images/0907.jpg,0
images/0908.jpg,0
images/0909.jpg,0
images/0910.jpg,0
images/0911.jpg,0
images/0912.jpg,0
images/0913.jpg,0
images/0914.jpg,0
images/0915.jpg,0
images/0916.jpg,0
images/0917.jpg,0
images/0918.jpg,0
images/0919.jpg,0
images/0920.jpg,0
images/0921.jpg,0
images/0922.jpg,0
images/0923.jpg,0
images/0924.jpg,0
images/0925.jpg,0
images/0926.jpg,0
images/0927.jpg,0
images/0928.jpg,0
images/0929.jpg,0
images/0930.jpg,0
images/0931.jpg,0
images/0932.jpg,0
images/0933.jpg,0
images/0934.jpg,0
images/0935.jpg,0
images/0936.jpg,0
images/0937.jpg,0
images/0938.jpg,0
images/0939.jpg,0
images/0940.jpg,0
images/0941.jpg,0
images/0942.jpg,0
images/0943.jpg,0
images/0944.jpg,0
images/0945.jpg,0
images/0946.jpg,0
images/0947.jpg,0
images/0948.jpg,0
images/0949.jpg,0
images/0950.jpg,0
images/0951.jpg,0
images/0952.jpg,0
images/0953.jpg,0
images/0954.jpg,0
images/0955.jpg,0
images/0956.jpg,0
images/0957.jpg,0
images/0958.jpg,0
images/0959.jpg,0
images/0960.jpg,0
images/0961.jpg,0
images/0962.jpg,0
images/0963.jpg,0
images/0964.jpg,0
images/0965.jpg,0
images/0966.jpg,0
images/0967.jpg,0
images/0968.jpg,0
images/0969.jpg,0
images/0970.jpg,0
images/0971.jpg,0
images/0972.jpg,0
images/0973.jpg,0
images/0974.jpg,0
images/0975.jpg,0
images/0976.jpg,0
images/0977.jpg,0
images/0978.jpg,0
images/0979.jpg,0
images/0980.jpg,0
images/0981.jpg,0
images/0982.jpg,0
images/0983.jpg,0
images/0984.jpg,0
images/0985.jpg,0
images/0986.jpg,0
images/0987.jpg,0
images/0988.jpg,0
images/0989.jpg,0
images/0990.jpg,0
images/0991.jpg,0
images/0992.jpg,0
images/0993.jpg,0
images/0994.jpg,0
images/0995.jpg,0
images/0996.jpg,0
images/0997.jpg,0
images/0998.jpg,0
images/0999.jpg,0
images/1000.jpg,0
images/1001.jpg,0
images/1002.jpg,0
images/1003.jpg,0
images/1004.jpg,0
images/1005.jpg,0
images/1006.jpg,0
images/1007.jpg,0
images/1008.jpg,0
images/1009.jpg,0
images/1010.jpg,0
images/1011.jpg,0
images/1012.jpg,0
images/1013.jpg,0
images/1014.jpg,0
images/1015.jpg,0
images/1016.jpg,0
images/1017.jpg,0
images/1018.jpg,0
images/1019.jpg,0
images/1020.jpg,0
images/1021.jpg,0
images/1022.jpg,0
images/1023.jpg,0
images/1024.jpg,0
images/1025.jpg,0
images/1026.jpg,0
images/1027.jpg,0
images/1028.jpg,0
images/1029.jpg,0
images/1030.jpg,0
images/1031.jpg,0
images/1032.jpg,0
images/1033.jpg,0
images/1034.jpg,0
images/1035.jpg,0
images/1036.jpg,0
images/1037.jpg,0
images/1038.jpg,0
images/1039.jpg,0
images/1040.jpg,0
images/1041.jpg,0
images/1042.jpg,0
images/1043.jpg,0
images/1044.jpg,0
images/1045.jpg,0
images/1046.jpg,0
images/1047.jpg,0
images/1048.jpg,0
images/1049.jpg,0
images/1050.jpg,0
images/1051.jpg,0
images/1052.jpg,0
images/1053.jpg,0
images/1054.jpg,0
images/1055.jpg,0
images/1056.jpg,0
images/1057.jpg,0
images/1058.jpg,0
images/1059.jpg,0
images/1060.jpg,0
images/1061.jpg,0
images/1062.jpg,0
images/1063.jpg,0
images/1064.jpg,0
images/1065.jpg,0
images/1066.jpg,0
images/1067.jpg,0
images/1068.jpg,0
images/1069.jpg,0
images/1070.jpg,0
images/1071.jpg,0
images/1072.jpg,0
images/1073.jpg,0
images/1074.jpg,0
images/1075.jpg,0
images/1076.jpg,0
images/1077.jpg,0
images/1078.jpg,0
images/1079.jpg,0
images/1080.jpg,0
images/1081.jpg,0
images/1082.jpg,0
images/1083.jpg,0
images/1084.jpg,0
images/1085.jpg,0
images/1086.jpg,0
images/1087.jpg,0
images/1088.jpg,0
images/1089.jpg,0
images/1090.jpg,0
images/1091.jpg,0
images/1092.jpg,0
images/1093.jpg,0
images/1094.jpg,0
images/1095.jpg,0
images/1096.jpg,0
images/1097.jpg,0
images/1098.jpg,0
images/1099.jpg,0
images/1100.jpg,0
images/1101.jpg,0
images/1102.jpg,0
images/1103.jpg,0
images/1104.jpg,0
images/1105.jpg,0
images/1106.jpg,0
images/1107.jpg,0
images/1108.jpg,0
images/1109.jpg,0
images/1110.jpg,0
images/1111.jpg,0
images/1112.jpg,0
images/1113.jpg,0
images/1114.jpg,0
images/1115.jpg,0
images/1116.jpg,0
images/1117.jpg,0
images/1118.jpg,0
images/1119.jpg,0
images/1120.jpg,0
images/1121.jpg,0
images/1122.jpg,0
images/1123.jpg,0
images/1124.jpg,0
images/1125.jpg,0
images/1126.jpg,0
images/1127.jpg,0
images/1128.jpg,0
images/1129.jpg,0
images/1130.jpg,0
images/1131.jpg,0
images/1132.jpg,0
images/1133.jpg,0
images/1134.jpg,0
images/1135.jpg,0
images/1136.jpg,0
images/1137.jpg,0
images/1138.jpg,0
images/1139.jpg,0
images/1140.jpg,0
images/1141.jpg,0
images/1142.jpg,0
images/1143.jpg,0
images/1144.jpg,0
images/1145.jpg,0
images/1146.jpg,0
images/1147.jpg,0
images/1148.jpg,0
images/1149.jpg,0
images/1150.jpg,0
images/1151.jpg,0
images/1152.jpg,0
images/1153.jpg,0
images/1154.jpg,0
images/1155.jpg,0
images/1156.jpg,0
images/1157.jpg,0
images/1158.jpg,0
images/1159.jpg,0
images/1160.jpg,0
images/1161.jpg,0
images/1162.jpg,0
images/1163.jpg,0
images/1164.jpg,0
images/1165.jpg,0
images/1166.jpg,0
images/1167.jpg,0
images/1168.jpg,0
images/1169.jpg,0
images/1170.jpg,0
images/1171.jpg,0
images/1172.jpg,0
images/1173.jpg,0
images/1174.jpg,0
images/1175.jpg,0
images/1176.jpg,0
images/1177.jpg,0
images/1178.jpg,0
images/1179.jpg,0
images/1180.jpg,0
images/1181.jpg,0
images/1182.jpg,0
images/1183.jpg,0
images/1184.jpg,0
images/1185.jpg,0
images/1186.jpg,0
images/1187.jpg,0
images/1188.jpg,0
images/1189.jpg,0
images/1190.jpg,0
images/1191.jpg,0
images/1192.jpg,0
images/1193.jpg,0
images/1194.jpg,0
images/1195.jpg,0
images/1196.jpg,0
images/1197.jpg,0
images/1198.jpg,0
images/1199.jpg,0
images/1200.jpg,0
images/1201.jpg,0
images/1202.jpg,0
images/1203.jpg,0
images/1204.jpg,0
images/1205.jpg,0
images/1206.jpg,0
images/1207.jpg,0
images/1208.jpg,0
images/1209.jpg,0
images/1210.jpg,0
images/1211.jpg,0
images/1212.jpg,0
images/1213.jpg,0
images/1214.jpg,0
images/1215.jpg,0
images/1216.jpg,0
images/1217.jpg,0
images/1218.jpg,0
images/1219.jpg,0
images/1220.jpg,0
images/1221.jpg,0
images/1222.jpg,0
images/1223.jpg,0
images/1224.jpg,0
images/1225.jpg,0
images/1226.jpg,0
images/1227.jpg,0
images/1228.jpg,0
images/1229.jpg,0
images/1230.jpg,0
images/1231.jpg,0
images/1232.jpg,0
images/1233.jpg,0
images/1234.jpg,0
images/1235.jpg,0
images/1236.jpg,0
images/1237.jpg,0
images/1238.jpg,0
images/1239.jpg,0
images/1240.jpg,0
images/1241.jpg,0
images/1242.jpg,0
images/1243.jpg,0
images/1244.jpg,0
images/1245.jpg,0
images/1246.jpg,0
images/1247.jpg,0
images/1248.jpg,0
images/1249.jpg,0
images/1250.jpg,0
images/1251.jpg,0
images/1252.jpg,0
images/1253.jpg,0
images/1254.jpg,0
images/1255.jpg,0
images/1256.jpg,0
images/1257.jpg,0
images/1258.jpg,0
images/1259.jpg,0
images/1260.jpg,0
images/1261.jpg,0
images/1262.jpg,0
images/1263.jpg,0
images/1264.jpg,0
images/1265.jpg,0
images/1266.jpg,0
images/1267.jpg,0
images/1268.jpg,0
images/1269.jpg,0
images/1270.jpg,0
images/1271.jpg,0
images/1272.jpg,0
images/1273.jpg,0
images/1274.jpg,0
images/1275.jpg,0
images/1276.jpg,0
images/1277.jpg,0
images/1278.jpg,0
images/1279.jpg,0
images/1280.jpg,0
images/1281.jpg,0
images/1282.jpg,0
images/1283.jpg,0
images/1284.jpg,0
images/1285.jpg,0
images/1286.jpg,0
images/1287.jpg,0
images/1288.jpg,0
images/1289.jpg,0
images/1290.jpg,0
images/1291.jpg,0
images/1292.jpg,0
images/1293.jpg,0
images/1294.jpg,0
images/1295.jpg,0
images/1296.jpg,0
images/1297.jpg,0
images/1298.jpg,0
images/1299.jpg,0
images/1300.jpg,0
images/1301.jpg,0
images/1302.jpg,0
images/1303.jpg,0
images/1304.jpg,0
images/1305.jpg,0
images/1306.jpg,0
images/1307.jpg,0
images/1308.jpg,0
images/1309.jpg,0
images/1310.jpg,0
images/1311.jpg,0
images/1312.jpg,0
images/1313.jpg,0
images/1314.jpg,0
images/1315.jpg,0
images/1316.jpg,0
images/1317.jpg,0
images/1318.jpg,0
images/1319.jpg,0
images/1320.jpg,0
images/1321.jpg,0
images/1322.jpg,0
images/1323.jpg,0
images/1324.jpg,0
images/1325.jpg,0
images/1326.jpg,0
images/1327.jpg,0
images/1328.jpg,0
images/1329.jpg,0
images/1330.jpg,0
images/1331.jpg,0
images/1332.jpg,0
images/1333.jpg,0
images/1334.jpg,0
images/1335.jpg,0
images/1336.jpg,0
images/1337.jpg,0
images/1338.jpg,0
images/1339.jpg,0
images/1340.jpg,0
images/1341.jpg,0
images/1342.jpg,0
images/1343.jpg,0
images/1344.jpg,0
images/1345.jpg,0
images/1346.jpg,0
images/1347.jpg,0
images/1348.jpg,0
images/1349.jpg,0
images/1350.jpg,0
images/1351.jpg,0
images/1352.jpg,0
images/1353.jpg,0
images/1354.jpg,0
images/1355.jpg,0
images/1356.jpg,0
images/1357.jpg,0
images/1358.jpg,0
images/1359.jpg,0
images/1360.jpg,0
images/1361.jpg,0
images/1362.jpg,0
images/1363.jpg,0
images/1364.jpg,0
images/1365.jpg,0
images/1366.jpg,0
images/1367.jpg,0
images/1368.jpg,0
images/1369.jpg,0
images/1370.jpg,0
images/1371.jpg,0
images/1372.jpg,0
images/1373.jpg,0
images/1374.jpg,0
images/1375.jpg,0
images/1376.jpg,0
images/1377.jpg,0
images/1378.jpg,0
images/1379.jpg,0
images/1380.jpg,0
images/1381.jpg,0
images/1382.jpg,0
images/1383.jpg,0
images/1384.jpg,0
images/1385.jpg,0
images/1386.jpg,0
images/1387.jpg,0
images/1388.jpg,0
images/1389.jpg,0
images/1390.jpg,0
images/1391.jpg,0
images/1392.jpg,0
images/1393.jpg,0
images/1394.jpg,0
images/1395.jpg,0
images/1396.jpg,0
images/1397.jpg,0
images/1398.jpg,0
images/1399.jpg,0
images/1400.jpg,0
images/1401.jpg,0
images/1402.jpg,0
images/1403.jpg,0
images/1404.jpg,0
images/1405.jpg,0
images/1406.jpg,0
images/1407.jpg,0
images/1408.jpg,0
images/1409.jpg,0
images/1410.jpg,0
images/1411.jpg,0
images/1412.jpg,0
images/1413.jpg,0
images/1414.jpg,0
images/1415.jpg,0
images/1416.jpg,0
images/1417.jpg,0
images/1418.jpg,0
images/1419.jpg,0
images/1420.jpg,0
images/1421.jpg,0
images/1422.jpg,0
images/1423.jpg,0
images/1424.jpg,0
images/1425.jpg,0
images/1426.jpg,0
images/1427.jpg,0
images/1428.jpg,0
images/1429.jpg,0
images/1430.jpg,0
images/1431.jpg,0
images/1432.jpg,0
images/1433.jpg,0
images/1434.jpg,0
images/1435.jpg,0
images/1436.jpg,0
images/1437.jpg,0
images/1438.jpg,0
images/1439.jpg,0
images/1440.jpg,0
images/1441.jpg,0
images/1442.jpg,0
images/1443.jpg,0
images/1444.jpg,0
images/1445.jpg,0
images/1446.jpg,0
images/1447.jpg,0
images/1448.jpg,0
images/1449.jpg,0
images/1450.jpg,0
images/1451.jpg,0
images/1452.jpg,0
images/1453.jpg,0
images/1454.jpg,0
images/1455.jpg,0
images/1456.jpg,0
images/1457.jpg,0
images/1458.jpg,0
images/1459.jpg,0
images/1460.jpg,0
images/1461.jpg,0
images/1462.jpg,0
images/1463.jpg,0
images/1464.jpg,0
images/1465.jpg,0
images/1466.jpg,0
images/1467.jpg,0
images/1468.jpg,0
images/1469.jpg,0
images/1470.jpg,0
images/1471.jpg,0
images/1472.jpg,0
images/1473.jpg,0
images/1474.jpg,0
images/1475.jpg,0
images/1476.jpg,0
images/1477.jpg,0
images/1478.jpg,0
images/1479.jpg,0
images/1480.jpg,0
images/1481.jpg,0
images/1482.jpg,0
images/1483.jpg,0
images/1484.jpg,0
images/1485.jpg,0
images/1486.jpg,0
images/1487.jpg,0
images/1488.jpg,0
images/1489.jpg,0
images/1490.jpg,0
images/1491.jpg,0
images/1492.jpg,0
images/1493.jpg,0
images/1494.jpg,0
images/1495.jpg,0
images/1496.jpg,0
images/1497.jpg,0
images/1498.jpg,0
images/1499.jpg,0
images/1500.jpg,0
images/1501.jpg,0
images/1502.jpg,0
images/1503.jpg,0
images/1504.jpg,0
images/1505.jpg,0
images/1506.jpg,0
images/1507.jpg,0
images/1508.jpg,0
images/1509.jpg,0
images/1510.jpg,0
images/1511.jpg,0
images/1512.jpg,0
images/1513.jpg,0
images/1514.jpg,0
images/1515.jpg,0
images/1516.jpg,0
images/1517.jpg,0
images/1518.jpg,0
images/1519.jpg,0
images/1520.jpg,0
images/1521.jpg,0
images/1522.jpg,0
images/1523.jpg,0
images/1524.jpg,0
images/1525.jpg,0
images/1526.jpg,0
images/1527.jpg,0
images/1528.jpg,0
images/1529.jpg,0
images/1530.jpg,0
images/1531.jpg,0
images/1532.jpg,0
images/1533.jpg,0
images/1534.jpg,0
images/1535.jpg,0
images/1536.jpg,0
images/1537.jpg,0
images/1538.jpg,0
images/1539.jpg,0
images/1540.jpg,0
images/1541.jpg,0
images/1542.jpg,0
images/1543.jpg,0
images/1544.jpg,0
images/1545.jpg,0
images/1546.jpg,0
images/1547.jpg,0
images/1548.jpg,0
images/1549.jpg,0
images/1550.jpg,0
images/1551.jpg,0
images/1552.jpg,0
images/1553.jpg,0
images/1554.jpg,0
images/1555.jpg,0
images/1556.jpg,0
images/1557.jpg,0
images/1558.jpg,0
images/1559.jpg,0
images/1560.jpg,0
images/1561.jpg,0
images/1562.jpg,0
images/1563.jpg,0
images/1564.jpg,0
images/1565.jpg,0
images/1566.jpg,0
images/1567.jpg,0
images/1568.jpg,0
images/1569.jpg,0
images/1570.jpg,0
images/1571.jpg,0
images/1572.jpg,0
images/1573.jpg,0
images/1574.jpg,0
images/1575.jpg,0
images/1576.jpg,0
images/1577.jpg,0
images/1578.jpg,0
images/1579.jpg,0
images/1580.jpg,0
images/1581.jpg,0
images/1582.jpg,0
images/1583.jpg,0
images/1584.jpg,0
images/1585.jpg,0
images/1586.jpg,0
images/1587.jpg,0
images/1588.jpg,0
images/1589.jpg,0
images/1590.jpg,0
images/1591.jpg,0
images/1592.jpg,0
images/1593.jpg,0
images/1594.jpg,0
images/1595.jpg,0
images/1596.jpg,0
images/1597.jpg,0
images/1598.jpg,0
images/1599.jpg,0
images/1600.jpg,0
images/1601.jpg,0
images/1602.jpg,0
images/1603.jpg,0
images/1604.jpg,0
images/1605.jpg,0
images/1606.jpg,0
images/1607.jpg,0
images/1608.jpg,0
images/1609.jpg,0
images/1610.jpg,0
images/1611.jpg,0
images/1612.jpg,0
images/1613.jpg,0
images/1614.jpg,0
images/1615.jpg,0
images/1616.jpg,0
images/1617.jpg,0
images/1618.jpg,0
images/1619.jpg,0
images/1620.jpg,0
images/1621.jpg,0
images/1622.jpg,0
images/1623.jpg,0
images/1624.jpg,0
images/1625.jpg,0
images/1626.jpg,0
images/1627.jpg,0
images/1628.jpg,0
images/1629.jpg,0
images/1630.jpg,0
images/1631.jpg,0
images/1632.jpg,0
images/1633.jpg,0
images/1634.jpg,0
images/1635.jpg,0
images/1636.jpg,0
images/1637.jpg,0
images/1638.jpg,0
images/1639.jpg,0
images/1640.jpg,0
images/1641.jpg,0
images/1642.jpg,0
images/1643.jpg,0
images/1644.jpg,0
images/1645.jpg,0
images/1646.jpg,0
images/1647.jpg,0
images/1648.jpg,0
images/1649.jpg,0
images/1650.jpg,0
images/1651.jpg,0
images/1652.jpg,0
images/1653.jpg,0
images/1654.jpg,0
images/1655.jpg,0
images/1656.jpg,0
images/1657.jpg,0
images/1658.jpg,0
images/1659.jpg,0
images/1660.jpg,0
images/1661.jpg,0
images/1662.jpg,0
images/1663.jpg,0
images/1664.jpg,0
images/1665.jpg,0
images/1666.jpg,0
images/1667.jpg,0
images/1668.jpg,0
images/1669.jpg,0
images/1670.jpg,0
images/1671.jpg,0
images/1672.jpg,0
images/1673.jpg,0
images/1674.jpg,0
images/1675.jpg,0
images/1676.jpg,0
images/1677.jpg,0
images/1678.jpg,0
images/1679.jpg,0
images/1680.jpg,0
images/1681.jpg,0
images/1682.jpg,0
images/1683.jpg,0
images/1684.jpg,0
images/1685.jpg,0
images/1686.jpg,0
images/1687.jpg,0
images/1688.jpg,0
images/1689.jpg,0
images/1690.jpg,0
images/1691.jpg,0
images/1692.jpg,0
images/1693.jpg,0
images/1694.jpg,0
images/1695.jpg,0
images/1696.jpg,0
images/1697.jpg,0
images/1698.jpg,0
images/1699.jpg,0
images/1700.jpg,0
images/1701.jpg,0
images/1702.jpg,0
images/1703.jpg,0
images/1704.jpg,0
images/1705.jpg,0
images/1706.jpg,0
images/1707.jpg,0
images/1708.jpg,0
images/1709.jpg,0
images/1710.jpg,0
images/1711.jpg,0
images/1712.jpg,0
images/1713.jpg,0
images/1714.jpg,0
images/1715.jpg,0
images/1716.jpg,0
images/1717.jpg,0
images/1718.jpg,0
images/1719.jpg,0
images/1720.jpg,0
images/1721.jpg,0
images/1722.jpg,0
images/1723.jpg,0
images/1724.jpg,0
images/1725.jpg,0
images/1726.jpg,0
images/1727.jpg,0
images/1728.jpg,0
images/1729.jpg,0
images/1730.jpg,0
images/1731.jpg,0
images/1732.jpg,0
images/1733.jpg,0
images/1734.jpg,0
images/1735.jpg,0
images/1736.jpg,0
images/1737.jpg,0
images/1738.jpg,0
images/1739.jpg,0
images/1740.jpg,0
images/1741.jpg,0
images/1742.jpg,0
images/1743.jpg,0
images/1744.jpg,0
images/1745.jpg,0
images/1746.jpg,0
images/1747.jpg,0
images/1748.jpg,0
images/1749.jpg,0
images/1750.jpg,0
images/1751.jpg,0
images/1752.jpg,0
images/1753.jpg,0
images/1754.jpg,0
images/1755.jpg,0
images/1756.jpg,0
images/1757.jpg,0
images/1758.jpg,0
images/1759.jpg,0
images/1760.jpg,0
images/1761.jpg,0
images/1762.jpg,0
images/1763.jpg,0
images/1764.jpg,0
images/1765.jpg,0
images/1766.jpg,0
images/1767.jpg,0
images/1768.jpg,0
images/1769.jpg,0
images/1770.jpg,0
images/1771.jpg,0
images/1772.jpg,0
images/1773.jpg,0
images/1774.jpg,0
images/1775.jpg,0
images/1776.jpg,0
images/1777.jpg,0
images/1778.jpg,0
images/1779.jpg,0
images/1780.jpg,0
images/1781.jpg,0
images/1782.jpg,0
images/1783.jpg,0
images/1784.jpg,0
images/1785.jpg,0
images/1786.jpg,0
images/1787.jpg,0
images/1788.jpg,0
images/1789.jpg,0
images/1790.jpg,0
images/1791.jpg,0
images/1792.jpg,0
images/1793.jpg,0
images/1794.jpg,0
images/1795.jpg,0
images/1796.jpg,0
images/1797.jpg,0
images/1798.jpg,0
images/1799.jpg,0
images/1800.jpg,0
images/1801.jpg,0
images/1802.jpg,0
images/1803.jpg,0
images/1804.jpg,0
images/1805.jpg,0
images/1806.jpg,0
images/1807.jpg,0
images/1808.jpg,0
images/1809.jpg,0
images/1810.jpg,0
images/1811.jpg,0
images/1812.jpg,0
images/1813.jpg,0
images/1814.jpg,0
images/1815.jpg,0
images/1816.jpg,0
images/1817.jpg,0
images/1818.jpg,0
images/1819.jpg,0
images/1820.jpg,0
images/1821.jpg,0
images/1822.jpg,0
images/1823.jpg,0
images/1824.jpg,0
images/1825.jpg,0
images/1826.jpg,0
images/1827.jpg,0
images/1828.jpg,0
images/1829.jpg,0
images/1830.jpg,0
images/1831.jpg,0
images/1832.jpg,0
images/1833.jpg,0
images/1834.jpg,0
images/1835.jpg,0
images/1836.jpg,0
images/1837.jpg,0
images/1838.jpg,0
images/1839.jpg,0
images/1840.jpg,0
images/1841.jpg,0
images/1842.jpg,0
images/1843.jpg,0
images/1844.jpg,0
images/1845.jpg,0
images/1846.jpg,0
images/1847.jpg,0
images/1848.jpg,0
images/1849.jpg,0
images/1850.jpg,0
images/1851.jpg,0
images/1852.jpg,0
images/1853.jpg,0
images/1854.jpg,0
images/1855.jpg,0
images/1856.jpg,0
images/1857.jpg,0
images/1858.jpg,0
images/1859.jpg,0
images/1860.jpg,0
images/1861.jpg,0
images/1862.jpg,0
images/1863.jpg,0
images/1864.jpg,0
images/1865.jpg,0
images/1866.jpg,0
images/1867.jpg,0
images/1868.jpg,0
images/1869.jpg,0
images/1870.jpg,0
images/1871.jpg,0
images/1872.jpg,0
images/1873.jpg,0
images/1874.jpg,0
images/1875.jpg,0
images/1876.jpg,0
images/1877.jpg,0
images/1878.jpg,0
images/1879.jpg,0
images/1880.jpg,0
images/1881.jpg,0
images/1882.jpg,0
images/1883.jpg,0
images/1884.jpg,0
images/1885.jpg,0
images/1886.jpg,0
images/1887.jpg,0
images/1888.jpg,0
images/1889.jpg,0
images/1890.jpg,0
images/1891.jpg,0
images/1892.jpg,0
images/1893.jpg,0
images/1894.jpg,0
images/1895.jpg,0
images/1896.jpg,0
images/1897.jpg,0
images/1898.jpg,0
images/1899.jpg,0
images/1900.jpg,0
images/1901.jpg,0
images/1902.jpg,0
images/1903.jpg,0
images/1904.jpg,0
images/1905.jpg,0
images/1906.jpg,0
images/1907.jpg,0
images/1908.jpg,0
images/1909.jpg,0
images/1910.jpg,0
images/1911.jpg,0
images/1912.jpg,0
images/1913.jpg,0
images/1914.jpg,0
images/1915.jpg,0
images/1916.jpg,0
images/1917.jpg,0
images/1918.jpg,0
images/1919.jpg,0
images/1920.jpg,0
images/1921.jpg,0
images/1922.jpg,0
images/1923.jpg,0
images/1924.jpg,0
images/1925.jpg,0
images/1926.jpg,0
images/1927.jpg,0
images/1928.jpg,0
images/1929.jpg,0
images/1930.jpg,0
images/1931.jpg,0
images/1932.jpg,0
images/1933.jpg,0
images/1934.jpg,0
images/1935.jpg,0
images/1936.jpg,0
images/1937.jpg,0
images/1938.jpg,0
images/1939.jpg,0
images/1940.jpg,0
images/1941.jpg,0
images/1942.jpg,0
images/1943.jpg,0
images/1944.jpg,0
images/1945.jpg,0
images/1946.jpg,0
images/1947.jpg,0
images/1948.jpg,0
images/1949.jpg,0
images/1950.jpg,0
images/1951.jpg,0
images/1952.jpg,0
images/1953.jpg,0
images/1954.jpg,0
images/1955.jpg,0
images/1956.jpg,0
images/1957.jpg,0
images/1958.jpg,0
images/1959.jpg,0
images/1960.jpg,0
images/1961.jpg,0
images/1962.jpg,0
images/1963.jpg,0
images/1964.jpg,0
images/1965.jpg,0
images/1966.jpg,0
images/1967.jpg,0
images/1968.jpg,0
images/1969.jpg,0
images/1970.jpg,0
images/1971.jpg,0
images/1972.jpg,0
images/1973.jpg,0
images/1974.jpg,0
images/1975.jpg,0
images/1976.jpg,0
images/1977.jpg,0
images/1978.jpg,0
images/1979.jpg,0
images/1980.jpg,0
images/1981.jpg,0
images/1982.jpg,0
images/1983.jpg,0
images/1984.jpg,0
images/1985.jpg,0
images/1986.jpg,0
images/1987.jpg,0
images/1988.jpg,0
images/1989.jpg,0
images/1990.jpg,0
images/1991.jpg,0
images/1992.jpg,0
images/1993.jpg,0
images/1994.jpg,0
images/1995.jpg,0
images/1996.jpg,0
images/1997.jpg,0
images/1998.jpg,0
images/1999.jpg,0
images/2000.jpg,0
images/2001.jpg,0
images/2002.jpg,0
images/2003.jpg,0
images/2004.jpg,0
images/2005.jpg,0
images/2006.jpg,0
images/2007.jpg,0
images/2008.jpg,0
images/2009.jpg,0
images/2010.jpg,0
images/2011.jpg,0
images/2012.jpg,0
images/2013.jpg,0
images/2014.jpg,0
images/2015.jpg,0
images/2016.jpg,0
images/2017.jpg,0
images/2018.jpg,0
images/2019.jpg,0
images/2020.jpg,0
images/2021.jpg,0
images/2022.jpg,0
images/2023.jpg,0
images/2024.jpg,0
images/2025.jpg,0
images/2026.jpg,0
images/2027.jpg,0
images/2028.jpg,0
images/2029.jpg,0
images/2030.jpg,0
images/2031.jpg,0
images/2032.jpg,0
images/2033.jpg,0
images/2034.jpg,0
images/2035.jpg,0
images/2036.jpg,0
images/2037.jpg,0
images/2038.jpg,0
images/2039.jpg,0
images/2040.jpg,0
images/2041.jpg,0
images/2042.jpg,0
images/2043.jpg,0
images/2044.jpg,0
images/2045.jpg,0
images/2046.jpg,0
images/2047.jpg,0
images/2048.jpg,0
images/2049.jpg,0
images/2050.jpg,0
images/2051.jpg,0
images/2052.jpg,0
images/2053.jpg,0
images/2054.jpg,0
images/2055.jpg,0
images/2056.jpg,0
images/2057.jpg,0
images/2058.jpg,0
images/2059.jpg,0
images/2060.jpg,0
images/2061.jpg,0
images/2062.jpg,0
images/2063.jpg,0
images/2064.jpg,0
images/2065.jpg,0
images/2066.jpg,0
images/2067.jpg,0
images/2068.jpg,0
images/2069.jpg,0
images/2070.jpg,0
images/2071.jpg,0
images/2072.jpg,0
images/2073.jpg,0
images/2074.jpg,0
images/2075.jpg,0
images/2076.jpg,0
images/2077.jpg,0
images/2078.jpg,0
images/2079.jpg,0
images/2080.jpg,0
images/2081.jpg,0
images/2082.jpg,0
images/2083.jpg,0
images/2084.jpg,0
images/2085.jpg,0
images/2086.jpg,0
images/2087.jpg,0
images/2088.jpg,0
images/2089.jpg,0
images/2090.jpg,0
images/2091.jpg,0
images/2092.jpg,0
images/2093.jpg,0
images/2094.jpg,0
images/2095.jpg,0
images/2096.jpg,0
images/2097.jpg,0
images/2098.jpg,0
images/2099.jpg,0
images/2100.jpg,0
images/2101.jpg,0
images/2102.jpg,0
images/2103.jpg,0
images/2104.jpg,0
images/2105.jpg,0
images/2106.jpg,0
images/2107.jpg,0
images/2108.jpg,0
images/2109.jpg,0
images/2110.jpg,0
images/2111.jpg,0
images/2112.jpg,0
images/2113.jpg,0
images/2114.jpg,0
images/2115.jpg,0
images/2116.jpg,0
images/2117.jpg,0
images/2118.jpg,0
images/2119.jpg,0
images/2120.jpg,0
images/2121.jpg,0
images/2122.jpg,0
images/2123.jpg,0
images/2124.jpg,0
images/2125.jpg,0
images/2126.jpg,0
images/2127.jpg,0
images/2128.jpg,0
images/2129.jpg,0
images/2130.jpg,0
images/2131.jpg,0
images/2132.jpg,0
images/2133.jpg,0
images/2134.jpg,0
images/2135.jpg,0
images/2136.jpg,0
images/2137.jpg,0
images/2138.jpg,0
images/2139.jpg,0
images/2140.jpg,0
images/2141.jpg,0
images/2142.jpg,0
images/2143.jpg,0
images/2144.jpg,0
images/2145.jpg,0
images/2146.jpg,0
images/2147.jpg,0
images/2148.jpg,0
images/2149.jpg,0
images/2150.jpg,0
images/2151.jpg,0
images/2152.jpg,0
images/2153.jpg,0
images/2154.jpg,0
images/2155.jpg,0
images/2156.jpg,0
images/2157.jpg,0
images/2158.jpg,0
images/2159.jpg,0
images/2160.jpg,0
images/2161.jpg,0
images/2162.jpg,0
images/2163.jpg,0
images/2164.jpg,0
images/2165.jpg,0
images/2166.jpg,0
images/2167.jpg,0
images/2168.jpg,0
images/2169.jpg,0
images/2170.jpg,0
images/2171.jpg,0
images/2172.jpg,0
images/2173.jpg,0
images/2174.jpg,0
images/2175.jpg,0
images/2176.jpg,0
images/2177.jpg,0
images/2178.jpg,0
images/2179.jpg,0
images/2180.jpg,0
images/2181.jpg,0
images/2182.jpg,0
images/2183.jpg,0
images/2184.jpg,0
images/2185.jpg,0
images/2186.jpg,0
images/2187.jpg,0
images/2188.jpg,0
images/2189.jpg,0
images/2190.jpg,0
images/2191.jpg,0
images/2192.jpg,0
images/2193.jpg,0
images/2194.jpg,0
images/2195.jpg,0
images/2196.jpg,0
images/2197.jpg,0
images/2198.jpg,0
images/2199.jpg,0
images/2200.jpg,0
images/2201.jpg,0
images/2202.jpg,0
images/2203.jpg,0
images/2204.jpg,0
images/2205.jpg,0
images/2206.jpg,0
images/2207.jpg,0
images/2208.jpg,0
images/2209.jpg,0
images/2210.jpg,0
images/2211.jpg,0
images/2212.jpg,0
images/2213.jpg,0
images/2214.jpg,0
images/2215.jpg,0
images/2216.jpg,0
images/2217.jpg,0
images/2218.jpg,0
images/2219.jpg,0
images/2220.jpg,0
images/2221.jpg,0
images/2222.jpg,0
images/2223.jpg,0
images/2224.jpg,0
images/2225.jpg,0
images/2226.jpg,0
images/2227.jpg,0
images/2228.jpg,0
images/2229.jpg,0
images/2230.jpg,0
images/2231.jpg,0
images/2232.jpg,0
images/2233.jpg,0
images/2234.jpg,0
images/2235.jpg,0
images/2236.jpg,0
images/2237.jpg,0
images/2238.jpg,0
images/2239.jpg,0
images/2240.jpg,0
images/2241.jpg,0
images/2242.jpg,0
images/2243.jpg,0
images/2244.jpg,0
images/2245.jpg,0
images/2246.jpg,0
images/2247.jpg,0
images/2248.jpg,0
images/2249.jpg,0
images/2250.jpg,0
images/2251.jpg,0
images/2252.jpg,0
images/2253.jpg,0
images/2254.jpg,0
images/2255.jpg,0
images/2256.jpg,0
images/2257.jpg,0
images/2258.jpg,0
images/2259.jpg,0
images/2260.jpg,0
images/2261.jpg,0
images/2262.jpg,0
images/2263.jpg,0
images/2264.jpg,0
images/2265.jpg,0
images/2266.jpg,0
images/2267.jpg,0
images/2268.jpg,0
images/2269.jpg,0
images/2270.jpg,0
images/2271.jpg,0
images/2272.jpg,0
images/2273.jpg,0
images/2274.jpg,0
images/2275.jpg,0
images/2276.jpg,0
images/2277.jpg,0
images/2278.jpg,0
images/2279.jpg,0
images/2280.jpg,0
images/2281.jpg,0
images/2282.jpg,0
images/2283.jpg,0
images/2284.jpg,0
images/2285.jpg,0
images/2286.jpg,0
images/2287.jpg,0
images/2288.jpg,0
images/2289.jpg,0
images/2290.jpg,0
images/2291.jpg,0
images/2292.jpg,0
images/2293.jpg,0
images/2294.jpg,0
images/2295.jpg,0
images/2296.jpg,0
images/2297.jpg,0
images/2298.jpg,0
images/2299.jpg,0